"hour","upper","value"
0,1,-1.439328673
1,2,-1.177578673
2,3,-0.915828673
3,4,-0.654078673
4,5,-0.392328673
5,6,-0.130578673
6,7,0.131171327
7,8,0.392921327
8,9,0.654671327
9,10,0.916421327
10,11,1.178171327
11,12,1.439921327
12,13,1.701671327
13,14,1.963421327
14,15,2.225171327
15,16,2.486921327
16,17,2.748671327
17,18,3.010421327
18,19,-3.01101398
19,20,-2.74926398
20,21,-2.48751398
21,22,-2.22576398
22,23,-1.96401398
23,0,-1.701671327
